Coding,Description,tag_name,[2003] EWCA Crim 3,[2003] EWCA Crim 2243,[2004] EWCA Crim 2278,[2005] EWCA Crim 1983,[2006] EWCA Crim 694,[2006] EWCA Crim 1155,[2007] EWCA Crim 1530,[2008] EWCA Crim 553,[2009] EWCA Crim 1431,[2010] EWCA Crim 712,[2012] EWCA Crim 720,[2013] EWCA Crim 801,[2013] EWCA Crim 1649,[2016] EWCA Crim 52,[2017] EWCA Crim 1851,[2018] EWCA Crim 1766,[2019] EWCA Crim 362,[2020] EWCA Crim 499,[2022] EWCA Crim 83,[2023] EWCA Crim 231
ConvCourtType Court Type where Offender was Convicted/Pled Guilty?,Magistrates’ court/Crown court,ConvCourtType,NA,"Exact: Crown Court;

 Comment: ","Exact: Crown Court at Reading;

 Comment: ","Exact: Crown Court at Teeside;

 Comment: ","Exact: Crown Court at Liverpool;

 Comment: ",,"Exact: Crown Court at Liverpool;

 Comment: ",,"Exact: Crown Court at Grimsby;

 Comment: ","Exact: York Crown Court;

 Comment: ","Exact: Milton Keynes Crown Court in July and August 2011.;

 Comment: 

Exact: June 2009 the applicant stood trial before Judge Coleman and a jury at Peterborough Crown Court sitting at Huntington;

 Comment: ","Exact: Central Criminal Court;

 Comment: Crown","Exact: Crown Court sitting in Manchester.;

 Comment: ","Exact: Cardiff Crown Court;

 Comment: ","Exact: Crown Court at Warwick;

 Comment: ","Exact: first appearance was at Bristol Magistrates' Court;

 Comment: ","Exact: Crown Court at Manchester;

 Comment: ","Exact: Crown Court at Truro;

 Comment: -",Don't know,"Exact: Crown Court at Liverpool;

 Comment: "
ConvCourtName(s) Court Name(s) where Offender Convicted/Pled Guilty,Text (List all courts if convicted/pled guilty at MORE than one court),ConvCourtName,NA,"Exact: Crown Court at Basildon;

 Comment: ","Exact: Crown Court at Reading;

 Comment: ","Exact: Crown Court at Teeside;

 Comment: ","Exact: Crown Court at Liverpool;

 Comment: ","Exact: Central Criminal Court;

 Comment: Crown court. For Ellis Appeal

Exact: Birmingham Crown Court,;

 Comment: For Davis Appeal","Exact: Crown Court at Liverpool;

 Comment: ",,"Exact: Crown Court at Grimsby;

 Comment: ","Exact: York Crown Court;

 Comment: ","Exact: Milton Keynes Crown Court in July and August 2011.;

 Comment: 

Exact: June 2009 the applicant stood trial before Judge Coleman and a jury at Peterborough Crown Court sitting at Huntington;

 Comment: ","Exact: Central Criminal Court;

 Comment: Crown","Exact: Crown Court sitting in Manchester.;

 Comment: ","Exact: Cardiff Crown Court;

 Comment: ","Exact: Crown Court at Warwick;

 Comment: ","Exact: first appearance was at Bristol Magistrates' Court;

 Comment: ","Exact: Crown Court at Manchester;

 Comment: ","Exact: Crown Court at Truro;

 Comment: For appellent's current trial he was represented at a hearing on the following day. (paragraph 12).",Don't know,"Exact: Crown Court at Liverpool;

 Comment: "
ConvictPleaDate Conviction/Guilty Plea Date(s),Numeric (List all),ConvictPleaDate,NA,"Exact: On 27 January 2002;

 Comment: ","Exact: On 6th June 2003;

 Comment: ","Exact: 18 February 2005.;

 Comment: ","Exact: 9th September 2005;

 Comment: ","Exact: 25th May 2004;

 Comment: For Davis Appeal

Exact: On 18 March 2005,;

 Comment: For Ellis Appeal","Exact: 27th February 2006 the offender pleaded guilty, at the earliest opportunity;

 Comment: ",,"Exact: 12th December 2008;

 Comment: ","Exact: April 2009;

 Comment: ","Exact: Milton Keynes Crown Court in July and August 2011.;

 Comment: ","Exact: Friday 26 April 2013;

 Comment: ","Exact: Between 16th May 2011 and 9th September 2011;

 Comment: ","Exact: 26 February 1991;

 Comment: Before appeals & retrials","Exact: 17th February 2017;

 Comment: ","Exact: on the day of sentence the offender also pleaded guilty to that charge.;

 Comment: ConvictPleaDate 2.
16th March 2018.

Exact: 19 December 2017.;

 Comment: ConvictPleaDate 1.

Exact: 16 March 2018;

 Comment: ","Exact: 13th August 2018.;

 Comment: ",NA,Don't know,"Exact: 6th February 2015,;

 Comment: "
"Was there a Jurytrial?
If YES, JuryDecisionType","Yes/No/Don’t know
If YES, Unanimous/Majority/Don’t know/NA",Jurytrial,NA,,"Exact: seven day trial;

 Comment: ",Don't know,"Exact: jury;

 Comment: ","Exact: jury;

 Comment: For  Ellis Appeal.

Exact: jury;

 Comment: For Davis Appeal.",No,No,"Exact: jury;

 Comment: ","Exact: jury;

 Comment: ",,"Exact: jury;

 Comment: ","Exact: jury;

 Comment: ","Exact: jury;

 Comment: ","Exact: jury;

 Comment: ",NA,No,"Exact: jury;

 Comment: -",No,No
,,JuryDecisionType,NA,NA,"Exact: The jury decided that it was not made out and it was in those circumstances they convicted.;

 Comment: Unanimous",NA,Don't know,Don't know,NA,NA,,,Don't know,Don't know,"Exact: unanimous verdicts of guilty against Malik on the remaining counts;

 Comment: 

Exact: jury returned a unanimous verdict of guilty against Malik on Count 8.;

 Comment: 

Exact: the jury returned unanimous guilty verdicts on all counts against Farooqi and Newton and returned their verdict of not guilty on the one count faced by Harris Farooqi.;

 Comment: ",Don't know,Don't know,NA,NA,,NA,NA
ConvictOffence What Offence(s) was Offender Convicted of?,Text (List all),ConvictOffence,NA,"Exact: offence under section 85(3) of the Water Resources Act 1991;

 Comment: ","Exact: six counts of unauthorised use of trade marks contrary to sections 92(1) and 104(1) of the Trade Marks Act 1994 and were sentenced to four months' imprisonment on each count concurrently.;

 Comment: ","Exact: two men, S and L, were being prosecuted for offences contrary to section 1 of the Protection of Children Act 1978 and for conspiracy to rape.;

 Comment: 2 individual male offenders","Exact: inflicting grievous bodily harm pursuant to section 20 of the Offences Against the Person Act 1861.;

 Comment: ","Exact: Simms was convicted of the same counts of murder, and two of the three counts of attempt murder.;

 Comment: 

Exact: two counts of murder.;

 Comment: Davis Appeal.

Exact: two counts of murder and three counts of attempt murder,;

 Comment: ","Exact: wounding with intent contrary to section 18 of the Offences Against the Person Act 1861.;

 Comment: ","Exact: The total sentence, therefore, was one of 18 months' imprisonment (sic).;

 Comment: Offence1: four months imprisonment Offence2&3: two months imprisonment. concurrent on each, but consecutive to the other sentences. Offence4&5: no seperate penalites save for an endorsement of licence. Offence6, 7, 8 & 9: sentences of six months' imprisonment (sic) concurrent inter se, but consecutive to the other sentences. Offence10 & 11: six months' imprisonment (sic) concurrent inter se, but otherwise consecutive. Offence12&13: endorsement of licence

Exact: domestic burglary.;

 Comment: ","Exact: possession of articles for terrorist purposes;

 Comment: 

Exact: aggravated intentional harassment,;

 Comment: ","Exact: Count 1 was sexual assault by penetration contrary to section 2 of the Sexual Offences Act 2003 and count 2 was false imprisonment.;

 Comment: ","Exact: June 2009 the applicant stood trial before Judge Coleman and a jury at Peterborough Crown Court sitting at Huntington;

 Comment: ","Exact: Count 1, conspiracy to murder,;

 Comment: 

Exact: Count 2 alleged murder in that between 2 and 4 January 2011 they murdered Fiza Asif.;

 Comment: ","Exact: Malik was convicted of one count of engaging in conduct in preparation for acts of terrorism contrary to section 5 (1) of the Act (Count 8) and two counts of soliciting to murder contrary to section 4 of the Offences Against the Persons Act 1861 (Counts 9 and 10).;

 Comment: 

Exact: Newton was convicted of one count of engaging in conduct in preparation for acts of terrorism contrary to section 5(1) of the Act (Count 1) and of two counts of dissemination of terrorist publications contrary to section 2(1) (a) and (2) (b) of the Act (Counts 2 and 5).;

 Comment: 

Exact: Farooqi was convicted on five counts: one count of engaging in conduct in preparation for acts of terrorism contrary to section 5(1) of the Terrorism Act 2006 (the Act) (Count 1), three counts of soliciting to murder contrary to section 4 of the Offences Against the Persons Act 1861 (Counts 3, 6 and 7) and one count of dissemination of terrorist publications contrary to section 2(1) (a) and (2) (b) of the Act (Count 4).;

 Comment: 5 of 10 counts","Exact: manslaughter of Karen Price.;

 Comment: After appeals & retrials

Exact: the murder of Karen Price.;

 Comment: Before appeals & retrials","Exact: single count of robbery (count 3 on the indictment).;

 Comment: ","Exact: Count 1, causing grievous bodily harm with intent, contrary to section 18 of the Offences Against the Person Act 1861, 64 months; count 2, assault by beating, contrary to section 39 of the Criminal Justice Act 1988,;

 Comment: ","Exact: possessing a disguised firearm, contrary to section 5(1A)(a) of the Firearms Act 1968, dangerous driving and driving while disqualified.;

 Comment: Offence1","Exact: contempt of court.;

 Comment: -","Exact: concurrent sentences of equal length being imposed on two counts of being concerned in the supply of class A drugs, contrary to section 4(3)(b) of the Misuse of Drugs Act 1971.;

 Comment: ","Exact: pleaded guilty to murder.;

 Comment: "
AcquitOffence What Offence(s) was Offender Acquitted of?,N/A OR Text (List all),AcquitOffence,NA,NA,NA,NA,NA,Don't know,NA,NA,Don't know,NA,NA,"Exact: Count 1, conspiracy to murder,;

 Comment: ","Exact: and Harris Farooqi was acquitted of involvement in the single count which affected him, Count 1.;

 Comment: ",,NA,NA,NA,NA,NA,NA
"Did Offender Confess/Plead Guilty? 
If YES, at what point during proceedings? PleaPoint","Yes/No
If YES, in police presence/at first court appearance/in court after first appearance but before trial/in court at first day of trial/in court after first day of trial/Don’t know",Confess/Plead,NA,,No,"Exact: L pleaded guilty to eight Counts relating to offences contrary to section 1 of the Protection of Children Act. He too pleaded not guilty to conspiracy to rape but was convicted of it on 18 February 2005.;

 Comment: L pleaded guilty to eight of ten counts

Exact: S pleaded guilty to nine Counts relating to offences contrary to section 1 of the Protection of Children Act 1978. He pleaded not guilty to the conspiracy but was convicted of it on 18 February 2005.;

 Comment: S pleaded guilty to nine of ten counts",No,No,"Exact: 27th February 2006 the offender pleaded guilty, at the earliest opportunity;

 Comment: ","Exact: pleaded guilty in the magistrates' court on the occasion of his first appearance.;

 Comment: ",No,No,No,,No,,"Exact: The appellant had pleaded guilty to an offence of robbery on 3rd March 2003 in the Crown Court at Manchester.;

 Comment: ","Exact: He pleaded guilty to the offence of causing grievous bodily harm with intent at the plea and trial preparation hearing on 29 January 2018.;

 Comment: After first appearance at plea and trial preparation hearing on 29 January 2018.","Exact: In respect of the second and third group of offences, save the firearms charge, the appellant entered or indicated pleas of guilty at an early stage. He pleaded not guilty to the firearms of charge, but on the morning of the trial, 9th July 2018, entered a plea of guilty.;

 Comment: 

Exact: Following his pleas,;

 Comment: ",NO,"Exact: earlier guilty pleas;

 Comment: Date not specified","Exact: pleaded guilty to murder.;

 Comment: "
,,PleaPoint,NA,"Exact: The magistrates committed the case to the Crown Court;

 Comment: At first court appearance.
",NA,"Exact: In due course;

 Comment: After first appearance",NA,NA,"Exact: 27th February 2006 the offender pleaded guilty, at the earliest opportunity;

 Comment: ","Exact: pleaded guilty in the magistrates' court on the occasion of his first appearance.;

 Comment: ",NA,NA,NA,,NA,,"Exact: The appellant had pleaded guilty to an offence of robbery on 3rd March 2003 in the Crown Court at Manchester.;

 Comment: ","Exact: He pleaded guilty to the offence of causing grievous bodily harm with intent at the plea and trial preparation hearing on 29 January 2018.;

 Comment: After first appearance at plea and trial preparation hearing on 29 January 2018.","Exact: In respect of the second and third group of offences, save the firearms charge, the appellant entered or indicated pleas of guilty at an early stage. He pleaded not guilty to the firearms of charge, but on the morning of the trial, 9th July 2018, entered a plea of guilty.;

 Comment: ",NA,Don't know,"Exact: 6th February 2015,;

 Comment: "
"What was the RemandDecision for Offender?
If REMANDED in CUSTODY, duration? RemandCustodyTime","Unconditional Bail/Conditional Bail/ Remanded into custody/Don’t know
If REMANDED in CUSTODY, list how long",RemandDecision,NA,NA,"Exact: both of these appellants have been on bail at some stage and accordingly they must be returned to custody to complete their sentences.;

 Comment: Remanded into custody",Don't know,"Exact: We are told that he is presently on home detention curfew and has been for some weeks.;

 Comment: Tagged/ home bail",Don't know,Don't know,"Exact: his time on remand;

 Comment: ","Exact: remand;

 Comment: ",Don't know,"Exact: the judge imposed a sentence of imprisonment for public protection, with a minimum term of 7 years less time spent in custody on remand. He imposed various shorter determinate sentences in respect of the other counts;

 Comment: (Sentence received after retrial)
Custody on remand","Exact: appellant was in custody, having been charged with murder.;

 Comment: Remanded in custody","Exact: remand in custody.;

 Comment: ","Exact: Ali’s cell;

 Comment: Custody",Don't know,NA,"Exact: again released on bail.;

 Comment: After 2nd offence

Exact: He was arrested, charged and released on bail.;

 Comment: After 1st offence",NA,Don't know,"Exact: life imprisonment with a minimum term of 19 years (less time spent on remand).;

 Comment: "
,,RemandCustodyTime,NA,NA,Don't know,NA,Don't know,Don't know,Don't know,Don't know,"Exact: 390 days;

 Comment: ",Don't know,Don't know,Don't know,Don't know,Don't know,Don't know,NA,Don't know,NA,NA,Don't know
SentCourtType Court Type where Offender was Sentenced,Magistrates’ court/Crown court,SentCourtType,NA,"Exact: Crown Court;

 Comment: ","Exact: Crown Court at Reading;

 Comment: ","Exact: Crown Court at Teeside;

 Comment: ","Exact: Crown Court at Liverpool;

 Comment: ",,"Exact: Crown Court at Liverpool;

 Comment: ","Exact: Crown Court at Guildford;

 Comment: ","Exact: Crown Court at Grimsby;

 Comment: ",Don't know,"Exact: Milton Keynes Crown Court in July and August 2011.;

 Comment: ","Exact: Central Criminal Court;

 Comment: Crown","Exact: Crown Court sitting in Manchester.;

 Comment: ","Exact: Cardiff Crown Court;

 Comment: ",Don't know,"Exact: Crown Court;

 Comment: ","Exact: committed for sentence by the magistrates' court;

 Comment: ","Exact: Crown Court at Truro;

 Comment: ","Exact: 16 January 2020 in the Crown Court at Chelmsford;

 Comment: ","Exact: Crown Court at Liverpool;

 Comment: "
SentCourtName Court Name where Offender Sentenced,Text,SentCourtName,NA,"Exact: Crown Court at Basildon;

 Comment: ","Exact: Crown Court at Reading;

 Comment: ",Don't know,"Exact: Crown Court at Liverpool;

 Comment: ",,"Exact: Crown Court at Liverpool;

 Comment: ","Exact: Crown Court at Guildford;

 Comment: ","Exact: Crown Court at Grimsby;

 Comment: ",Don't know,"Exact: Milton Keynes Crown Court in July and August 2011.;

 Comment: ",,"Exact: Crown Court sitting in Manchester.;

 Comment: ","Exact: Cardiff Crown Court;

 Comment: ",Don't know,"Exact: Bristol;

 Comment: ",Don't know,"NA

Exact: Crown Court at Truro;

 Comment: ","Exact: 16 January 2020 in the Crown Court at Chelmsford;

 Comment: ","Exact: Crown Court at Liverpool;

 Comment: "
"Sentence(s) Received
If MORE than one sentence, then how are they to be served? SentServe","Text (List sentence for each offence)
If MORE than one sentence, are they all concurrent/all consecutive/combination of consecutive and concurrent",Sentence,NA,"Exact: this appeal is allowed and a fine of £60,000 will be substituted for the fine of £200,000 imposed in the Crown Court.;

 Comment: ","Exact: six counts of unauthorised use of trade marks contrary to sections 92(1) and 104(1) of the Trade Marks Act 1994 and were sentenced to four months' imprisonment on each count concurrently.;

 Comment: ","Exact: He was initially sentenced to 12 years’ imprisonment but the sentence was reduced on review to eight years’ imprisonment.;

 Comment: Sentence for L

Exact: He was sentenced to a total of 14 years’ imprisonment on that day but on 4 March 2005 the Recorder reviewed the sentence and reduced it to one of 10 years.;

 Comment: Sentence for S","Exact: 15 months' imprisonment.;

 Comment: ",Don't know,"Exact: 8 months' imprisonment, suspended for 18 months, with a suspension period of 18 months;

 Comment: ","Exact: principle of totality,;

 Comment: 

Exact: The total sentence, therefore, was one of 18 months' imprisonment (sic).;

 Comment: Offence1: four months imprisonment Offence2&3: two months imprisonment. concurrent on each, but consecutive to the other sentences. Offence4&5: no seperate penalites save for an endorsement of licence. Offence6, 7, 8 & 9: sentences of six months' imprisonment (sic) concurrent inter se, but consecutive to the other sentences. Offence10 & 11: six months' imprisonment (sic) concurrent inter se, but otherwise consecutive. Offence12&13: endorsement of licence

Exact: 13 offences;

 Comment: 1 - domestic burglary
2 - theft
3 - taking without consent
4 - driving without insurance
5 - driving without licence
6 - burglary
7 - burglary
8 - taking without consent
9 - attempted burglary
10 - aggravated taking without consent
11 - assault with intent to resist arrest
12 & 13 - driving without insurance","Exact: a total of 7 years and 3 months' imprisonment, with a direction under the Criminal Justice Act 2003 that 390 days he had spent on remand should count;

 Comment: 2 counts served consecutively.",Don't know,"Exact: the judge imposed a sentence of imprisonment for public protection, with a minimum term of 7 years less time spent in custody on remand. He imposed various shorter determinate sentences in respect of the other counts;

 Comment: (Sentence received after retrial)
Custody on remand","Exact: appellant was convicted on count 2. On 8 June 2012 he was sentenced to life imprisonment, with a minimum term of 23 years.;

 Comment: ","Exact: imprisonment for public protection (IPP) with a minimum specified term of five years on Counts 9 and 10, concurrent, with no separate penalty on Count 8.;

 Comment: 

Exact: imprisonment for life with a specified minimum term of nine years on Count 1, to imprisonment for life with a specified minimum term of seven years on Counts 3. 6 and 7 and to a term of four years’ imprisonment on Count 4. The sentences were concurrent.;

 Comment: 

Exact: six years’ imprisonment on Count 1, three years’ imprisonment on Count 2 and four years’ imprisonment on Count 5. The sentences were concurrent.;

 Comment: ","Exact: Charlton to imprisonment for life with a minimum tariff of 15 years and ordered Ali to be detained at Her Majesty’s Pleasure.;

 Comment: Before appeals & retrials

Exact: He was sentenced to 6 years imprisonment and having served the equivalent term was released.;

 Comment: After appeals & retrials","Exact: 5 years' imprisonment.;

 Comment: ","Exact: we consider that the least sentence that should have been passed was a term of seven-and-a-half years and the sentence passed on count 1 was unduly lenient. Accordingly, we grant leave to the Solicitor General, we quash the sentence five years and four months and substitute a term of seven-and-a-half years on count 1. The sentence on count 2 will remain unaffected.;

 Comment: New sentence terms.","Exact: Detention in a young offender institution for a total period of six years two months was imposed, together with other orders, including disqualification from driving for seven years and one month.;

 Comment: ","Exact: fined £500.;

 Comment: ","Exact: 59 months' imprisonment;

 Comment: ","Exact: life imprisonment with a minimum term of 19 years (less time spent on remand).;

 Comment: "
,,SentServe,NA,NA,"Exact: six counts of unauthorised use of trade marks contrary to sections 92(1) and 104(1) of the Trade Marks Act 1994 and were sentenced to four months' imprisonment on each count concurrently.;

 Comment: ","Exact: He was initially sentenced to 12 years’ imprisonment but the sentence was reduced on review to eight years’ imprisonment.;

 Comment: Sentence for L

Exact: He was sentenced to a total of 14 years’ imprisonment on that day but on 4 March 2005 the Recorder reviewed the sentence and reduced it to one of 10 years.;

 Comment: Sentence for S","Exact: 15 months' imprisonment.;

 Comment: ",Don't know,"Exact: 8 months' imprisonment, suspended for 18 months, with a suspension period of 18 months;

 Comment: ","Exact: The total sentence, therefore, was one of 18 months' imprisonment (sic).;

 Comment: Offence1: four months imprisonment Offence2&3: two months imprisonment. concurrent on each, but consecutive to the other sentences. Offence4&5: no seperate penalites save for an endorsement of licence. Offence6, 7, 8 & 9: sentences of six months' imprisonment (sic) concurrent inter se, but consecutive to the other sentences. Offence10 & 11: six months' imprisonment (sic) concurrent inter se, but otherwise consecutive. Offence12&13: endorsement of licence","Exact: a total of 7 years and 3 months' imprisonment, with a direction under the Criminal Justice Act 2003 that 390 days he had spent on remand should count;

 Comment: 2 counts served consecutively.",Don't know,"Exact: the judge imposed a sentence of imprisonment for public protection, with a minimum term of 7 years less time spent in custody on remand. He imposed various shorter determinate sentences in respect of the other counts;

 Comment: (Sentence received after retrial)
Custody on remand",NA,"Exact: imprisonment for public protection (IPP) with a minimum specified term of five years on Counts 9 and 10, concurrent, with no separate penalty on Count 8.;

 Comment: 

Exact: imprisonment for life with a specified minimum term of nine years on Count 1, to imprisonment for life with a specified minimum term of seven years on Counts 3. 6 and 7 and to a term of four years’ imprisonment on Count 4. The sentences were concurrent.;

 Comment: 

Exact: six years’ imprisonment on Count 1, three years’ imprisonment on Count 2 and four years’ imprisonment on Count 5. The sentences were concurrent.;

 Comment: ","Exact: Charlton to imprisonment for life with a minimum tariff of 15 years and ordered Ali to be detained at Her Majesty’s Pleasure.;

 Comment: Before appeals & retrials

Exact: He was sentenced to 6 years imprisonment and having served the equivalent term was released.;

 Comment: After appeals & retrials","Exact: 5 years' imprisonment.;

 Comment: ",,"Exact: Detention in a young offender institution for a total period of six years two months was imposed, together with other orders, including disqualification from driving for seven years and one month.;

 Comment: ",,"Exact: concurrent sentences of equal length being imposed on two counts of being concerned in the supply of class A drugs, contrary to section 4(3)(b) of the Misuse of Drugs Act 1971.;

 Comment: ",NA
"Ancillary Orders Applied
If YES, which orders? WhatAncilliary","Yes/No/Don’t know
If YES, list all",Ancillary,NA,NA,"Exact: it would be appropriate to make an order that the appellants pay the costs of the prosecution today in the sum of £1,250 which will be divided equally between the two appellants.;

 Comment: Compensation orders",No,Don't know,Don't know,No,"Exact: disqualified from driving;

 Comment: ",,Don't know,No,No,No,No,No,NA,"Exact: Detention in a young offender institution for a total period of six years two months was imposed, together with other orders, including disqualification from driving for seven years and one month.;

 Comment: ",NA,No,No
,,WhatAncilliary,NA,NA,,NA,Don't know,Don't know,NA,,,NA,NA,NA,NA,NA,NA,NA,,NA,NA,NA
OffSex Offender(s) Gender,All Male/All Female/Male&Female,OffSex,NA,NA,"Exact: MARK WAKEFIELD AND MARK ANDREW PURSEGLOVE;

 Comment: 2 individual male offenders","Exact: two men, S and L, were being prosecuted for offences contrary to section 1 of the Protection of Children Act 1978 and for conspiracy to rape.;

 Comment: 2 individual male offenders","Exact: ZANE ROY AINSCOUGH;

 Comment: Male offender","Exact: Marcus Ellis, Michael Gregory and Nathan Martin;

 Comment: Offenders in Ellis Appeal

Exact: Rodrigo Simms;

 Comment: Offender in Ellis Appeal","Exact: him;

 Comment: ","Exact: JAMES  IAN  McNEILL;

 Comment: 1 individual male offender","Exact: NATHAN LUKE WORRELL;

 Comment: Offender
","Exact: PAVLOS GEORGIOU KAZANTZIS;

 Comment: Individual male offender","Exact: PF;

 Comment: 1 individual male offender","Exact: ABDUL  JABBAR;

 Comment: ","Exact: Munir Ahmed Farooqi
            
              Matthew Newton
            
              Israr Hussain Malik;

 Comment: 3 individual male. Offenders","Exact: ALAN CHARLTON AND IDRIS ALI;

 Comment: 2 individual male appellents, offenders","Exact: DANIEL  GLEN  HAY;

 Comment: 1 individual male offender","Exact: offender, James Llewhellin;

 Comment: ",,"Exact: NICHOLAS WARNER;

 Comment: ","Exact: RHYS MORAR;

 Comment: Offender","Exact: RUBEN  THOMAS  PATRICK  HOATHER;

 Comment: "
OffAgeOffence Offenders(s) Age at Time of Offence,Numeric,OffAgeOffence,NA,NA,Don't know,Don't know,Don't know,Don't know,"Exact: offender was 36 at the time;

 Comment: ","Exact: under the age of 21:;

 Comment: 18-21","Exact: appellant was born on 27th March 1973.;

 Comment: 38 years old.","Exact: the appellant, then aged 19 years and 11 months;

 Comment: ",Don't know,Don't know,"Exact: Malik’s age (20 at the time;

 Comment: ","Exact: Ali was 16 and Charlton 21 years of age.;

 Comment: ",Don't know,NA,"Exact: appellant was aged 18.;

 Comment: ","Exact: aged 53,;

 Comment: -",Don't know,Don't know
OffAgeConvSen Offenders(s) Age at Time of Conviction/Sentence,Numeric,OffAgeConvSen,NA,NA,Don't know,Don't know,Don't know,Don't know,Don't know,"Exact: appellant is 19 years of age.;

 Comment: ","Exact: appellant was born on 27th March 1973.;

 Comment: 38 years old.",Don't know,Don't know,Don't know,Don't know,Don't know,Don't know,NA,Don't know,NA,Don't know,Don't know
OffJobOffence Offender(s) Employment Status at Time of Offence,Employed/Unemployed/Student/Retired/Other/Don’t know,OffJobOffence,NA,NA,"Exact: The appellants traded together under the name Bionic Records.;

 Comment: Trading",Don't know,Don't know,Don't know,"Don't know

Exact: needed help with motivation to find employment.;

 Comment: Unemployed","Exact: work entailed being mainly in the outbuilding;

 Comment: Employed",Don't Know,"Exact: student at Hull University.;

 Comment: ","Exact: ran a coach company;

 Comment: ",Don't know,"Exact: Farooqi ran a Da’wah stall in Manchester promoting Islamic material.;

 Comment: ","Exact: worked as a doorman.;

 Comment: ","Exact: He worked full-time as an electrician.;

 Comment: ",NA,Don't know,"Exact: Jehovah's Witness.;

 Comment: ",Don't know,Don't know
OffRelsOffence Offender(s) Relationship Status at Time of Offence,Single/Married/Relationship/Don’t know,OffRelsOffence,NA,NA,Don't know,"Exact: S and his wife;

 Comment: ",Don't know,"Exact: Gregory’s girlfriend,;

 Comment: Ellis Appeal

Exact: Martin’s girlfriend;

 Comment: Ellis Appeal",Don't know,Don't know,Don't Know,Don't know,"Exact: applicant was also in loco parentis towards SJ for some years while he was living with SJ's mother.;

 Comment: Fixed address",,Don't know,Don't know,"Exact: appellant's girlfriend;

 Comment: ",,Don't know,NA,Don't know,Don't know
OffDependsOffence Offender(s) Dependant Status at Time of Offence,Had children/Did not have children/Don’t know,OffDependsOffence,NA,NA,Don't know,"Exact: S took such photographs of his 11 year-old daughter;

 Comment: Had children",Don't know,Don't know,"Don't know

Exact: He has a daughter aged 13;

 Comment: ",Don't know,Don't Know,Don't know,"Exact: applicant was also in loco parentis towards SJ for some years while he was living with SJ's mother.;

 Comment: Fixed address",Don't know,Don't know,Don't know,Don't know,"Exact: offender's two sons,;

 Comment: Had children.",Don't know,NA,Don't know,Don't know
OffHomeOffence Offender(s) Accommodation Status at Time of Offence,Had fixed address/Homeless/Temporary accommodation/Don’t know,OffHomeOffence,NA,NA,Don't know,Don't know,Don't know,"Exact: Gregory’s flat.;

 Comment: Ellis Appeal","Exact: the offender as living alone in a flat rented from the local authority;

 Comment: ",Don't know,"Exact: one bedroomed flat on a council estate;

 Comment: ","Exact: appellant's flat.;

 Comment: ",Don't know,"Exact: address in Palmerston Road, Walthamstow;

 Comment: Fixed address",Don't know,"Exact: 29 Fitzhamon Embankment, Cardiff;

 Comment: ","Exact: found at the appellant's home.;

 Comment: Fixed address","Exact: flat on Hillside Road;

 Comment: Has fixed address.",Don't know,NA,Don't know,Don't know
OffMentalOffence Offender(s) Mental Health at Time of Offence,Had mental health problems/Has learning difficulties/Other/Don’t know,OffMentalOffence,NA,NA,Don't know,Don't know,Don't know,Don't know,Don't know,Don't know,Don't Know,"Don't know

Exact: psychological evidence. The defence called a consultant psychologist, Miss Jennifer Cutler, who carried out an assessment of the appellant and found him to have Asperger's Syndrome.;

 Comment: ",Don't know,Don't know,Don't know,"Don't know

Exact: (both consultant psychologists) as to Ali’s intellectual capacity. He suffers from a borderline mental handicap;

 Comment: ",Don't know,"Exact: He spoke of suffering from depression, stress and anxiety.;

 Comment: -","Exact: Chartered Forensic Psychologist, which diagnosed a learning disability with an IQ of less than 70, and the report of an intermediary. 16.The pre-sentence report referred to the appellant's emotional, behavioural and social difficulties and vulnerability;

 Comment: Expert evidence",NA,Don't know,"Don't know

Exact: long history of mental health complaints and treatment by local mental health services.;

 Comment: Other (history of MH)"
OffIntoxOffence Was Offender Intoxicated at Time of Offence?,Yes-drinking/Yes-drugs/Yes-drinking&drugs/No/Don’t know,OffIntoxOffence,NA,NA,Don't know,Don't know,"Exact: he had had one pint of lager;

 Comment: ",Don't know,"Exact: the offender seemed quite drunk;

 Comment: ",Don't know,Don't Know,"Exact: Both the appellant and L had been drinking heavily.;

 Comment: ",Don't know,Don't know,Don't know,"Exact: an account of glue-sniffing, drug-taking;

 Comment: ",Don't know,"Exact: Both adults had been drinking alcohol.;

 Comment: ","Exact: and had used drugs;;

 Comment: ",NO,Don't know,"Exact: alcohol, cannabis and cocaine were consumed.;

 Comment: "
OffVicRelation Offender-Victim Relationship,Stranger/Relative/Acquaintance,OffVicRelation,NA,"Exact: member of the public.;

 Comment: ",NA,"Exact: daughter;

 Comment: relative","Exact: came in and sat by him.;

 Comment: Unacquainted / stranger","Exact: Martin’s brother Yohanne, was shot dead.;

 Comment: Ellis Appeal

Exact: econd death was “accidental”;

 Comment: Stranger. Davis Appeal. 

Exact: short-lived grudge.;

 Comment: Acquaintance. Davis Appeal. ","Exact: The offender, whom they both knew,;

 Comment: Acquainted","Exact: son of a friend of hers.;

 Comment: Victim1: acquainted

Exact: his mother's handbag £20;

 Comment: Victim2: relative","Exact: lived on the same estate;

 Comment: Neighbours / Strangers","Exact: met a young woman;

 Comment: Stranger","Exact: applicant was also in loco parentis towards SJ for some years while he was living with SJ's mother.;

 Comment: Fixed address

Exact: the boys whom the applicant employed were SJ, JC and CS.;

 Comment: Employed in coach company","Exact: Fiza Asif (Arshad's wife).;

 Comment: 1 individual victim, relative",Don't know,"Exact: Ali knew Karen Price from a school that they attended;

 Comment: ","Exact: threatened a security guard;

 Comment: 1 individual male victim, stranger
2 total

Exact: attacked the shopkeeper;

 Comment: 1 individual male victim, stranger",,NA,NA,Don't know,"Exact: Jordan Campbell was the applicant's half-brother.;

 Comment: 1 individual victim"
VictimType,Individual person/Organisation,VictimType,NA,"Exact: private prosecution brought by Mr Hart, a member of the public;

 Comment: ",NA,"Exact: 11 year-old daughter;

 Comment: 1 individual female ","Exact: struck the complainant;

 Comment: 1 individual male victim","Exact: Ashley Kenton and Wayne Mowatt were shot dead.;

 Comment: 2 individual male victims in Ellis Appeal","Exact: Mr Chris Walls, and his partner, Louise Gallagher;

 Comment: 2 individual victims 1 male 1 female","Exact: hitting the officer in the face;

 Comment: Victim3: 1 individual male police officer

Exact: his mother's handbag £20;

 Comment: Victim2: relative

Exact: Lynne O'Connell,;

 Comment: Victim 1: individual female

","Exact: Mr and Mrs Chowdhery.;

 Comment: 2 Individual Victims, 1 male, 1 female","Exact: L.;

 Comment: 1 individual female victim","Exact: SJ, JC and CS.;

 Comment: 3 individual male victims","Exact: Fiza Asif (Arshad's wife).;

 Comment: 1 individual victim, relative",Don't know,"Exact: At that time she was nearly 16,;

 Comment: 1 individual female victim","Exact: threatened a security guard;

 Comment: 1 individual male victim, stranger
2 total

Exact: attacked the shopkeeper;

 Comment: 1 individual male victim, stranger","Exact: seven-year-old daughter;

 Comment: Individual person.",NA,NA,Don't know,"Exact: Jordan Campbell was the applicant's half-brother.;

 Comment: 1 individual victim"
VicNum Number of Victims,Numeric,VicNum,NA,NA,NA,"Exact: 11 year-old daughter;

 Comment: 1 individual female ","Exact: struck the complainant;

 Comment: 1 individual male victim","Exact: Sharleen Ellis and Latisha Shakespeare received fatal gunshot wounds. Sophie Ellis and Cheryl Shaw were badly injured.;

 Comment: 5 individual victims, 4 females, 1 male, 3 fatalities

Exact: Ashley Kenton and Wayne Mowatt were shot dead.;

 Comment: 2 individual male victims in Ellis Appeal","Exact: Mr Chris Walls, and his partner, Louise Gallagher;

 Comment: 2 individual victims 1 male 1 female","Exact: He had burgled people's houses, stolen and damaged their cars and attacked those who had tried to stop him;

 Comment: 3 victims in total

Exact: his mother's handbag £20;

 Comment: Victim2: relative","Exact: Mr and Mrs Chowdhery.;

 Comment: 2 Individual Victims, 1 male, 1 female","Exact: L.;

 Comment: 1 individual female victim","Exact: SJ, JC and CS.;

 Comment: 3 individual male victims","Exact: Fiza Asif (Arshad's wife).;

 Comment: 1 individual victim, relative",Don't know,"Exact: At that time she was nearly 16,;

 Comment: 1 individual female victim","Exact: threatened a security guard;

 Comment: 1 individual male victim, stranger
2 total

Exact: attacked the shopkeeper;

 Comment: 1 individual male victim, stranger","Exact: ""L"";

 Comment: Number of Victims is 2.",NA,NA,Don't know,"Exact: Jordan Campbell was the applicant's half-brother.;

 Comment: 1 individual victim"
VicSex Victim(s) Gender,All Male/All Female/Male&Female,VicSex,NA,NA,NA,"Exact: 11 year-old daughter;

 Comment: 1 individual female ","Exact: struck the complainant;

 Comment: 1 individual male victim","Exact: Sharleen Ellis and Latisha Shakespeare received fatal gunshot wounds. Sophie Ellis and Cheryl Shaw were badly injured.;

 Comment: 5 individual victims, 4 females, 1 male, 3 fatalities

Exact: Ashley Kenton and Wayne Mowatt were shot dead.;

 Comment: 2 individual male victims in Ellis Appeal","Exact: Mr Chris Walls, and his partner, Louise Gallagher;

 Comment: 2 individual victims 1 male 1 female","Exact: hitting the officer in the face;

 Comment: Victim3: 1 individual male police officer

Exact: his mother's handbag £20;

 Comment: Victim2: relative

Exact: Lynne O'Connell,;

 Comment: Victim 1: individual female

","Exact: Mr and Mrs Chowdhery.;

 Comment: 2 Individual Victims, 1 male, 1 female","Exact: L.;

 Comment: 1 individual female victim","Exact: SJ, JC and CS.;

 Comment: 3 individual male victims","Exact: Fiza Asif (Arshad's wife).;

 Comment: 1 individual victim, relative",Don't know,"Exact: At that time she was nearly 16,;

 Comment: 1 individual female victim","Exact: threatened a security guard;

 Comment: 1 individual male victim, stranger
2 total

Exact: attacked the shopkeeper;

 Comment: 1 individual male victim, stranger","Exact: ""L"";

 Comment: Both female.",NA,NA,Don't know,"Exact: Jordan Campbell was the applicant's half-brother.;

 Comment: 1 individual victim"
VicAgeOffence Victim(s) Age at Time of Offence,Numeric,VicAgeOffence,NA,NA,NA,"Exact: 11 year-old daughter;

 Comment: 1 individual female ",Don't know,Don't know,Don't know,Don't know,Don't Know,Don't know,Don't know,Don't know,Don't know,"Exact: At that time she was nearly 16,;

 Comment: 1 individual female victim",Don't know,"Exact: L, aged seven;

 Comment: ",NA,NA,Don't know,Don't know
VicJobOffence Victim(s) Employment Status at Time of Offence,Employed/Unemployed/Student/Retired/Other/Don’t know,VicJobOffence,NA,NA,NA,Don't know,Don't know,Don't know,Don't know,"Exact: hitting the officer in the face;

 Comment: Victim3: 1 individual male police officer",Don't Know,Don't know,"Exact: the boys whom the applicant employed were SJ, JC and CS.;

 Comment: Employed in coach company",Don't know,Don't know,"Exact: Karen Price and D were absconders;

 Comment: Unemployed","Exact: threatened a security guard;

 Comment: 1 individual male victim, stranger
2 total

Exact: attacked the shopkeeper;

 Comment: 1 individual male victim, stranger",NA,NA,Don’t know,Don't know,Don't know
VicRelsOffence Victim(s) Relationship Status at Time of Offence,Single/Married/Relationship/Don’t know,VicRelsOffence,NA,NA,NA,Don't know,Don't know,Don't know,"Exact: Mr Chris Walls, and his partner, Louise Gallagher;

 Comment: 2 individual victims 1 male 1 female",Don't know,"Exact: Mr and Mrs Chowdhery.;

 Comment: 2 Individual Victims, 1 male, 1 female",Don't know,Don't know,"Exact: Fiza Asif (Arshad's wife).;

 Comment: 1 individual victim, relative",Don't know,Don't know,Don't know,NA,NA,Don’t know,Don't know,Don't know
VicDependsOffence Victim(s) Dependant Status at Time of Offence,Had children/Did not have children/Don’t know,VicDependsOffence,NA,NA,NA,Don't know,Don't know,Don't know,Don't know,Don't know,"Exact: their daughter's safety.;

 Comment: ",Don't know,Don't know,"Exact: deceased's youngest child.;

 Comment: Had children",Don't know,Don't know,Don't know,"Exact: seven-year-old daughter;

 Comment: ",NA,Don’t know,Don't know,Don't know
VicHomeOffence Victim(s) Accommodation Status at Time of Offence,Had fixed address/Homeless/Temporary accommodation/Don’t know,VicHomeOffence,NA,NA,NA,Don't know,Don't know,Don't know,"Exact: he got home;

 Comment: Fixed address","Exact: her house;

 Comment: Victim 1:Fixed address","Exact: lived on the same estate as the appellant.;

 Comment: ",Don't know,"Exact: applicant was also in loco parentis towards SJ for some years while he was living with SJ's mother.;

 Comment: Fixed address","Exact: address in Palmerston Road, Walthamstow;

 Comment: Fixed address",Don't know,Don't know,Don't know,"Exact: living with the offender since August 2017 at his flat;

 Comment: Has fixed address.",NA,Don’t know,Don't know,Don't know
VicMentalOffence Victim(s) Mental Health at Time of Offence,Had mental health problems/Has learning difficulties/Other/Don’t know,VicMentalOffence,NA,NA,NA,Don't know,Don't know,Don't know,Don't know,Don't know,Don't Know,Don't know,,Don't know,Don't know,Don't know,Don't know,"Exact: He spoke of suffering from depression, stress and anxiety. He had previously been prescribed anti-depressants.;

 Comment: ",NA,Don’t know,Don't know,Don't know
VicIntoxOffence Was Victim Intoxicated at Time of Offence?,Yes-drinking/Yes-drugs/Yes-drinking&drugs/No/Don’t know,VicIntoxOffence,NA,NA,NA,Don't know,"Exact: had a pint of lager in another public house;

 Comment: ",Don't know,Don't know,Don't know,Don't Know,"Exact: Both the appellant and L had been drinking heavily.;

 Comment: ",,Don't know,Don't know,"Exact: an account of glue-sniffing, drug-taking;

 Comment: ",Don't know,"Exact: Both adults had been drinking alcohol.;

 Comment: ",NA,Don’t know,Don't know,"Exact: alcohol, cannabis and cocaine were consumed.;

 Comment: "
ProsEvidTypeTrial Which Types of Evidence Did Prosecution Present at Trial?,"EG. CCTV, Victim testimony, Identification line-up, Eye-witness testimony, Police testimony, Expert report/testimony, Cross-admissibility of counts, Victim is credible, Offender has bad character, Fingerprint match, Testimony of co-accused, Offender took victim property, Submission of ‘no case to answer’, DNA match, Digital forensic evidence, XXX",ProsEvidTypeTrial,NA,"Exact: was looking out of his office window,;

 Comment: Eye-witness testimony","Exact: The evidence was that of a Mr Vernells. He gave factual evidence in relation to the discs which were seized, but he also gave expert evidence to this extent.;

 Comment: Expert report/testimony, eye-witness testimony","Exact: It is common ground that the wording of the order went beyond that which is permissible under section 39. The leading authority is ex parte Godwin [1992] 1 QB 190.;

 Comment: Wording of the order","Exact: independent witness;

 Comment: Eye-witness testimony

Exact: The prosecution case was of a wholly unprovoked attack.;

 Comment: Victim testimony","Exact: important evidence linking all four appellants.;

 Comment: Ellis Appeal

Exact: Ashley Kenton and Wayne Mowatt were shot dead.;

 Comment: 2 individual male victims in Ellis Appeal

Exact: undisputed evidence from a detective officer;

 Comment: Police testimony","Exact: The head wound was closed under local anaesthetic with six stitches.;

 Comment: Victim testimony","Exact: A postman saw the appellant behaving oddly. The vehicle was found;

 Comment: Eye-witness testimony

Exact: A postman saw the appellant behaving oddly.;

 Comment: Eye-witness testimony","Exact: to the police they had become the target of racist abuse and harassment during 2007;

 Comment: Victim Testimony","Exact: In addition to the factual evidence of witnesses who were present in the early hours of 4 March, at trial there was also expert evidence to assist the jury.;

 Comment: Eye-witness testimony, expert evidence","Exact: JC made allegations of sexual abuse;

 Comment: Victim testimony","Exact: The prosecution's case was that the appellant was responsible for murdering the deceased.;

 Comment: ","Exact: Two undercover police officers, “Ray” and “Simon”;

 Comment: Police testimony","Exact: case against Charlton was the evidence of a woman we shall call D. Against Ali, the prosecution relied on his various confessions and admissions.;

 Comment: Eye-witness, confessions and admissions

Exact: facial reconstruction artist;

 Comment: Victim identification","Exact: Eyewitness and police evidence was largely agreed. The prosecution relied on the following circumstantial and expert evidence;

 Comment: ","Exact: photographs;

 Comment: ","Exact: made off without payment.;

 Comment: Eye-witness testimony","Exact: Mr Little's submission that the circumstances here are very different from those of a religious confession.;

 Comment: ",Don't know,"Exact: set fire to his body and his head, using torn clothing.  They then tried to burn down the flat to destroy evidence;

 Comment: "
DefEvidTypeTrial Which Types of Evidence Did Defence Present at Trial?,"EG. Offender denies offence, Offender claims to have alibi, No clothing found matching offender’s, No recovery of stolen goods from offender, Previous ruling in another court case, Consistency of offender evidence in court and at police interview, Offender of previous good character, Lack of DNA evidence to support allegations, Lack of medical evidence to support allegations, Victim is not credible/is unreliable, Question admissibility of some item of evidence, Offender admits only to lesser offence, Offender states co-accused is responsible for main offence, Offender argues he/she left scene before main offence committed, Offender uses bad character evidence against co-accused, ‘Cut-throat’ defence, XXX",DefEvidTypeTrial,NA,"Previous cases

Exact: no causative culpability. Because the de-threading of the bolt was an unforeseeable event, his client could not be faulted for failing to have taken steps to prevent it occurring. The offence was not a very serious example of a breach;

 Comment: Previous cases.","Exact: the appellants' own evidence was essentially to the effect that they were aware that bootleg recordings were not recordings which were likely to have been recordings approved by the holders of the trade marks, and, indeed, were recordings capable of being sold at an enhanced price, one can only surmise, for that very reason.;

 Comment: Offender denies offence","Exact: “any order restricting the publication of any report of the whole or any part of a trial on indictment or any such ancillary proceedings”.;

 Comment: ","Exact: Another witness, Ryan McCarron, was called on behalf of the defence.;

 Comment: Eye-witness testimony

Exact: had acted in self-defence. Moreover, it was the defence case that there had been no kick to the head;

 Comment: Offender acted in self defence & denied part of offence","Exact: the appellant was the victim of a corrupt plot to implicate him;

 Comment: Davis Appeal","Exact: denied the assault in the house, saying he had driven straight home from the pub.;

 Comment: Offender denies part offence","Exact: At interview he initially denied the offences.;

 Comment: Offender (initially) denied offence",Don't Know,"Exact: psychological evidence. The defence called a consultant psychologist, Miss Jennifer Cutler, who carried out an assessment of the appellant and found him to have Asperger's Syndrome.;

 Comment: 

Exact: no recollection of events;

 Comment: Denied memory of offence","Exact: He pleaded not guilty to all counts.;

 Comment: Offender denies offences","Exact: expert evidence, the Crown called Dr Swift, a forensic pathologist, and Professor Myers, a burns expert.;

 Comment: Expert testimony

Exact: The defence case was that the appellant was not responsible for murdering his sister-in-law. The appellant denied presence at the time she died.;

 Comment: Alibi","Exact: These submissions have focused largely but not exclusively on Mr McNulty’s cross-examination of Ray and Simon, on a number of legal submissions;

 Comment: Victim not credible/is unreliable, question admissibility of (police testimony)","Exact: (both consultant psychologists) as to Ali’s intellectual capacity. He suffers from a borderline mental handicap;

 Comment: 

Exact: He consistently denied any part in KP’s death.;

 Comment: Offender denies offence","Exact: appellant had provided an alibi in his defence statement,;

 Comment: 

Exact: In his police interview he denied being involved in the robbery, but was unable to provide details of where he was at time;

 Comment: Denied offence","Exact: pre-sentence report in respect of the offender.;

 Comment: ","Exact: Chartered Forensic Psychologist, which diagnosed a learning disability with an IQ of less than 70, and the report of an intermediary. 16.The pre-sentence report referred to the appellant's emotional, behavioural and social difficulties and vulnerability;

 Comment: Expert evidence","Exact: Attorney General v Mulholland and Foster [1963] 2 QB 477;

 Comment: 

Exact: He gave evidence that he had seen Mr Davies push Mr Jones from behind;

 Comment: Eye-witness testimony.",Don't know,"Exact: he was advised to plead guilty.  We are unable to accept that assertion.;

 Comment: Defence was improper legal advise"
JuryInstruct Trial Judge Instructions to Jury,"EG. Are they “sure” defendant is the offender? Jury should only use particular evidence for a specific purpose, XXX",JuryInstruct,NA,NA,"Exact: The jury were then directed that they should consider whether or not the defence under section 92(5) had been established, namely, as the judge put it, that the defendants believed on reasonable grounds that the use of the sign in the manner in which it was used was not an infringement of the registered trade mark. It was in the light of those directions that the jury convicted;

 Comment: ",NA,"Exact: The judge did, of course, give a general direction on the burden and standard of proof at a different point;

 Comment: ","Exact: the jury was asked to consider his case as if she was the witness with a personal grudge against the appellant;

 Comment: Davis Appeal",NA,NA,,"Exact: And so my direction is this: if in the time available, which will be a little over two hours, if in that time, you are able, conscientiously to reach verdicts on the evidence, then obviously you will be able to reach verdicts. If within that time you cannot reach verdicts, obviously there is no more available time and so what I would be left to do is to discharge you from giving verdicts so the case can be retried on a later date, do you follow me?;

 Comment: ",Don't know,Don't know,"Exact: The Watson direction;

 Comment: 

Exact: majority direction;

 Comment: ","Exact: Rose J had directed the jury in clear terms that Ali’s interviews were not evidence against Charlton and that, if the case against Charlton depended on Ali’s evidence in court, the jury would not “for one moment contemplate convicting Charlton”.;

 Comment: First appeal judgement","Exact: He reminded the jury about the evidence of the appellant's conviction for robbery. He warned them against prejudice and over-reliance on the evidence. He also explained why they had heard it;

 Comment: 

Exact: Crucially, the jury was told that they could not and should not convict solely on the basis of the previous conviction, but that it was to be borne in mind when considering the improbability of multiple coincidences.;

 Comment: ",NA,NA,"Exact: the jury had been directed to return their not guilty verdict;

 Comment: ",Don't know,Don't know
"Did Trial Judge Hold VoirDire? 
If YES, What was Outcome? VoirDireOutcome","Yes/No
If YES, judge ruled evidence admissible/Judge ruled evidence inadmissible",VoirDire,NA,No,No,No,No,Don't know,No,No,No,Don't know,"Exact: First, the judge had allowed certain evidence to be called which ought not to have gone before the jury. Secondly, the judge's direction concerning the applicant's good character was unsatisfactory. The Court of Appeal directed a retrial;

 Comment: Inadmissible evidence, retrial ordered",Don't know,Don't know,"Exact: court held this was credible and admissible evidence that might have had an impact on the verdict. It quashed the conviction and ordered a re-trial.;

 Comment: Evidence admissible",Don't know,NA,No,NO,Don't know,No
,,VoirDireOutcome,NA,NA,NA,NA,NA,Don't know,NA,NA,NA,NA,"Exact: First, the judge had allowed certain evidence to be called which ought not to have gone before the jury. Secondly, the judge's direction concerning the applicant's good character was unsatisfactory. The Court of Appeal directed a retrial;

 Comment: Inadmissible evidence, retrial ordered",NA,NA,"Exact: court held this was credible and admissible evidence that might have had an impact on the verdict. It quashed the conviction and ordered a re-trial.;

 Comment: Evidence admissible",NA,NA,NA,NA,NA,NA
PreSentReport Pre-sentence Report Assessment Presented to Sentencing Court,Low/Medium/High risk of reoffending/Don’t know,PreSentReport,NA,NA,No,No,Don't know,Don't know,"Exact: pre-sentence report in which the author said that the use of a weapon and the premeditation involved were both aggravating factors, as indeed they were. But he nevertheless identified the offender as having a low risk of reoffending;

 Comment: Low risk of reoffending

Exact: Following preparation of a pre-sentence report;

 Comment: ","Exact: In a pre-sentence report;

 Comment: ",Don't Know,Don't know,Don't know,,Don't know,Don't know,Don't know,"Exact: medium risk of re-offending and a medium risk of harm in the form of physical violence;

 Comment: ...medium risk of re-offending and a medium risk of harm in the form of physical violence...","Exact: Chartered Forensic Psychologist, which diagnosed a learning disability with an IQ of less than 70, and the report of an intermediary. 16.The pre-sentence report referred to the appellant's emotional, behavioural and social difficulties and vulnerability;

 Comment: Expert evidence",Don’t know,Don't know,Don't know
AggFactSent What Aggravating Factors did Court Consider When Sentencing?,"EG. Offender had previous (relevant) convictions, Offender showed no remorse, Offence committed on while offender was on bail, Offence committed while offender was on licence, Offender failed to comply with court orders, Offender not emphatic to victim empathy, Victim was vulnerable, Offender was intoxicated with drink, Offender was intoxicated with drugs, Offender was intoxicated with drinks&drugs, Offence was committed in public, Sustained nature of offence, Offender continued with offence even after intervention by others, XXX",AggFactSent,NA,"Exact: very substantial and said the effect on an area near the source was catastrophic for the fish and wildlife. She said she had heard evidence of the observation of dead fish over a 2 kilometre stretch of the river, and had also seen a photograph of a dead swan.;

 Comment: ",NA,NA,Don't know,"Exact: absence of any or any significant attempt at concealment.;

 Comment: Both appeals.","Exact: The following aggravating features are identified with the commission of this offence. First, the offender deliberately armed himself with a weapon. Secondly, he entered the victim's house at night as a trespasser, and third, he assaulted him whilst he was asleep.;

 Comment: 

Exact: pre-sentence report in which the author said that the use of a weapon and the premeditation involved were both aggravating factors, as indeed they were. But he nevertheless identified the offender as having a low risk of reoffending;

 Comment: Low risk of reoffending","Exact: ""spree"" of serious offending;

 Comment: 

Exact: complete disregard of the law in relation to driving. He had the previous conviction;

 Comment: ","Exact: record of convictions going back to 1995;

 Comment: ",Don't know,Don't know,Don't know,"Don't know

Exact: He had numerous contacts in the terrorist world. He was determined and sophisticated in what he did, and devoted his whole energies to the task of recruiting.;

 Comment: ",Don't know,"Exact: previous conviction;

 Comment: ","Exact: number of aggravating circumstances;

 Comment: Presence of offenders children
Committed against another child
Intoxication
Vulnerable victim
Previous convictions
Untruthful statement
Sustained attack/nature","Exact: the appellant's previous convictions aggravated the offending;

 Comment: 

Exact: no exceptional circumstances. He stated that, first, the appellant was well aware;

 Comment: 

Exact: He had already acquired a bad record,;

 Comment: ",NA,Don't know,"Exact: acting together with the other two for the whole enterprise;

 Comment: "
MitFactSent What Mitigating Factors did Court Consider When Sentencing?,"EG. Offender showed (genuine) remorse, Offender was ashamed, Offender was of previous good character/offence out of character, Testimonial by employer, Testimonial by personal-partner, Offender has no (relevant) previous convictions, Offender voluntarily sought counselling, Offender voluntarily stopped drinking/determined to address alcohol addiction, Offender voluntarily stopped taking drugs/determined to address drug addiction, Offender has serious medical condition, Offender has mental disorder/learning disability (not linked to commission of offence), Offender experienced ‘bad patch’ in life, Offender age/lack of maturity affecting responsibility, Offender sole/primary carer for dependant relatives, Lapse of time/Long delay before prosecution not fault of offender, XXX",MitFactSent,NA,"Exact: mitigation:i)the plea of guilty;ii)co-operation with the Environment Agency;iii)restoring the river the following day;iv)achieving improvement;;

 Comment: ",NA,NA,Don't know,Don't know,"Exact: On the other hand, there was substantial mitigation, strongly relied upon by Mr Mills. First, his early plea of guilty. Second, his real remorse. Third, that no permanent injury appears to have been occasioned to the victim. Fourth, that the offender is of effective previous good character.;

 Comment: 

Exact: double jeopardy,;

 Comment: 

Exact: considerable mitigation in this case, not least the offender's early plea of guilty.;

 Comment: ","Exact: appellant was only 18 years of age at the time; that he had never received a custodial sentence before; that he had pleaded guilty at the first opportunity; and that, although he has previous convictions, his record was by no means serious.;

 Comment: ","Exact: no evidence that any attack was actually planned or imminent.;

 Comment: 

Exact: ot actually manufactured an explosive;

 Comment: ",Don't know,Don't know,Don't know,"Don't know

Exact: mitigatory effect on the basis that nobody had actually gone abroad to fight as a result of his activities and also that he had no relevant previous convictions, those factors were clearly taken into account;

 Comment: ",Don't know,Don't know,"Exact: mitigating factor;

 Comment: Offender showed (genuine) remorse,Offender mental ilness, Offender sole/primary carer for children","Exact: personal mitigation identified in the expert and pre-sentence reports, the appellant's young age, the principle of totality and the pleas of guilty.;

 Comment: 

Exact: no intention to possess or use it in the future; and that he had no previous convictions for offences relating to weapons or violence.;

 Comment: ","Exact: appellant's sincere;

 Comment: ",Don't know,"Exact: judge also said in the context of mitigation that he did not accept that there was any convincing evidence of psychiatric history;

 Comment: No other mit factors addresses"
VicImpactStatement Was Victim Impact Statement Given at Original Sentencing?,Yes/No/Don’t know,VicImpactStatement,NA,NA,No,No,Don't know,,No,No,,Don't know,Don't know,No,No,Don't know,Don't know,"Exact: victim personal statement dated 15 March 2018 which she read to the court.;

 Comment: ",NA,Don’t know,No,No
"Who is Appellant?
If Offender is Appellant, Were There any Co-defendants/co-accused in Case? 

If YES, how many? CoDefAccNum","Offender/Attorney General/Other
N/A/Yes/No

If YES, numeric",Appellant,"Exact: MICHAEL JONES;

 Comment: MICHAEL JONES is name of appellant. Inferred that appellant is offender.","Exact: Anglian Water Services Ltd;

 Comment: ","Exact: MARK WAKEFIELD AND MARK ANDREW PURSEGLOVE;

 Comment: 2 individual male offenders","Exact: TEESIDE CROWN COURT– ex parte GAZETTE MEDIA COMPANY LTD AND OTHERS
            
              Appellant;

 Comment: ","Exact: ZANE ROY AINSCOUGH;

 Comment: Male offender","Exact: Marcus Ellis, Michael Gregory and Nathan Martin;

 Comment: Offenders in Ellis Appeal

Exact: Rodrigo Simms;

 Comment: Offender in Ellis Appeal

Exact: Iain Davis;

 Comment: Offender in Davis Appeal","Exact: REFERENCE BY THE ATTORNEY GENERAL;

 Comment: ","Exact: JAMES  IAN  McNEILL;

 Comment: 1 individual male offender","Exact: NATHAN LUKE WORRELL;

 Comment: Offender
","Exact: PAVLOS GEORGIOU KAZANTZIS;

 Comment: Individual male offender","Exact: PF;

 Comment: 1 individual male offender","Exact: ABDUL  JABBAR;

 Comment: ","Exact: Munir Ahmed Farooqi
            
              Matthew Newton
            
              Israr Hussain Malik;

 Comment: 3 individual male. Offenders","Exact: ALAN CHARLTON AND IDRIS ALI;

 Comment: 2 individual male appellents, offenders","Exact: DANIEL  GLEN  HAY;

 Comment: 1 individual male offender",,"Exact: MOHAMMED  SHAHEL  HUSSAIN;

 Comment: 1 individual male offender","Exact: NICHOLAS WARNER;

 Comment: Offender.","Exact: RHYS MORAR;

 Comment: Offender","Exact: RUBEN  THOMAS  PATRICK  HOATHER;

 Comment: "
,,Co-defendants/co-accused,NA,NA,NA,NA,No,"Exact: co-accused Tafarwa Beckford, who was acquitted;

 Comment: 1 co-accused in Ellis Appeal",No,No,No,No,No,"Exact: brother, Mohammed Arshad;

 Comment: 1","Exact: Farooqi assisted by co-defendants.;

 Comment: ","Exact: ALAN CHARLTON AND IDRIS ALI;

 Comment: 2 individual male appellents, offenders","Exact: A co-defendant, Matthew Baines,;

 Comment: 1 individual male co-defendant",NA,No,NA,No,"Exact: two co-accused, Wiltshire and Wood,;

 Comment: 2"
,,CoDefAccNum,NA,NA,NA,NA,NA,"Exact: co-accused Tafarwa Beckford, who was acquitted;

 Comment: 1 co-accused in Ellis Appeal",NA,NA,NA,NA,NA,"Exact: brother, Mohammed Arshad;

 Comment: 1",Don't know,"Exact: ALAN CHARLTON AND IDRIS ALI;

 Comment: 2 individual male appellents, offenders","Exact: A co-defendant, Matthew Baines,;

 Comment: 1 individual male co-defendant",NA,NA,NA,NA,"Exact: two co-accused, Wiltshire and Wood,;

 Comment: 2"
AppealAgainst,"Conviction is unsafe/Sentence is unduly excessive/Sentence is unduly lenient/Both conviction is unsafe & sentence is unduly excessive/Other e.g., application for extension of time to appeal",AppealAgainst,"Exact: Leave to appeal to the House of Lords is, however, refused.;

 Comment: ","Exact: manifestly excessive;

 Comment: ","Exact: appeal against conviction with leave of the single judge.;

 Comment: ","Exact: On 12 October 2004 the Recorder of Middlesborough made an order under section 39 of the Children and Young Persons Act 1933.;

 Comment: ","Exact: now appeals against conviction;

 Comment: ","Exact: safety of these convictions;

 Comment: Ellis Appeal

Exact: safety of these convictions.;

 Comment: Davis Appeal",,"Exact: appeal against sentence;

 Comment: ","Exact: He appeals against sentence;

 Comment: ","Exact: against conviction essentially on the ground that the jury was put under undue pressure of time to reach its verdict.;

 Comment: ","Exact: leave to appeal against conviction;

 Comment: ","Exact: appellant appeals against conviction;

 Comment: ","Exact: conviction is unsafe for a number of related reasons.;

 Comment: Safety of convictions, improper representation, defied court rulings, unfair trial

Exact: Farooqi, Newton and Malik seek leave to appeal against their convictions. Farooqi and Malik also seek leave to appeal against sentence.;

 Comment: ","Exact: both appeal again against conviction upon references by the CCRC under s.9 Criminal Appeal Act 1995 on the basis that there is a real possibility that the Court of Appeal will consider that the appellants’ convictions are unsafe.;

 Comment: ","Exact: against his conviction on count 3;

 Comment: ",,"Exact: leave to appeal in respect of the sentences;

 Comment: ","Exact: ground of appeal is that the judge erred in finding the appellant to be in contempt of court.;

 Comment: ","Exact: extension of time of 670 days for leave to appeal sentence;

 Comment: ","Exact: against his conviction;

 Comment: "
AppealGround Ground(s) for Appeal,"EG. Trial judge did not admit evidence undermining witness credibility, Trial judge did not properly/fully sum up the case, Trial judge gave own views on evidence/case that might bias jury, Trial judge admitted evidence which was prejudicial, Trial judge should have discharged jury after being exposed to prejudicial evidence, Sentencing judge should have put offence in a lower category of seriousness, Sentencing judge should have put offence in a higher category of seriousness, Sentence is ‘excessive’, Offender had practical difficulties in obtaining legal representation/legal documentation for making an appeal within the allotted timeframe, Exercise of judicial discretion was ‘Wednesbury’ unreasonable, XXX",AppealGround,"Exact: a point of law of general public importance is involved in our decision, in accordance with s.33(2) of the Criminal Appeal Act 1968, and to grant leave to appeal to the House of Lords in accordance with s.34(1) of that Act.;

 Comment: ","Exact: fine of £200,000 was manifestly excessive for this single offence, particularly when measured against the total fines of £80,000 in the Yorkshire Water case.;

 Comment: ","Exact: second general ground of appeal relates to a discrete issue relating to evidence;

 Comment: 

Exact: form of the indictment.;

 Comment: ","Exact: Solicitors acting for media interests wrote to the Recorder complaining about the wording of the order under section 39.;

 Comment: ","Exact: concern about the way in which the evidence of the previous convictions was adduced remains as a ground of appeal.;

 Comment: ","Exact: Leave was given in the Ellis appeal because it appeared that an important point about the anonymity of witnesses was a common and significant feature of both cases. The appeals were heard consecutively;

 Comment: Same grounds for both unrelated appeals.","Exact: this sentence does not reflect the gravity of the offence.;

 Comment: 

Exact: on the ground that it is unduly lenient.;

 Comment: ","Exact: sentence of imprisonment was unlawful and was plainly an error for a sentence of detention in a young offender institution since the applicant was under the age of 21;

 Comment: ","Exact: He submitted firstly that the 6 year sentence of imprisonment on count 2 was too long. Secondly, that the sentences should be concurrent rather than consecutive, and thirdly, he relies on the well-known principle of totality.;

 Comment: ","Exact: against conviction essentially on the ground that the jury was put under undue pressure of time to reach its verdict.;

 Comment: ","Exact: first ground is that the judge erred in allowing joinder of a fresh indictment to the indictment upon which the Court of Appeal had ordered retrial. The second ground is that the judge erred in not allowing the defence to cross-examine the complainant, SJ, about allegations of violent misconduct as recorded in the school records. The third ground is that in all the circumstances the applicant's convictions are unsafe.;

 Comment: ","Exact: submitted by Mr Orchard QC that the judge's ruling was wrong.;

 Comment: ","Exact: conviction is unsafe for a number of related reasons.;

 Comment: Safety of convictions, improper representation, defied court rulings, unfair trial","Exact: both appeal again against conviction upon references by the CCRC under s.9 Criminal Appeal Act 1995 on the basis that there is a real possibility that the Court of Appeal will consider that the appellants’ convictions are unsafe.;

 Comment: ","Exact: submitted that the Recorder failed properly to direct the jury;

 Comment: 

Exact: on behalf of the appellant, submits that the Recorder erred in admitting the bad character evidence. He failed to focus on the real issue in the case,;

 Comment: ","Exact: She submits that for these reasons the judge erred in placing the offending in Category 2. Overall it was a Category 1 offence and marked by a number of aggravating factors to which the judge gave insufficient weight. In particular, first, the offences had been committed while the offender was under the influence of alcohol; second, the violence had been inflicted in the victim's home in front of children and in the case of count 2 against a child; third, there was the ongoing effect on the victims who had been forced to leave their home, each one of which is identified as an aggravating feature under the guidelines. Finally, she submitted that it was wrong to give full credit for a plea at the plea and trial preparation hearing. It should have been 25 per cent.;

 Comment: -","Exact: judge gave insufficient weight to the matters raised by him in support of the argument that in the case of the firearms;

 Comment: ","Exact: ground of appeal is that the judge erred in finding the appellant to be in contempt of court.;

 Comment: ","Exact: The only issue raised concerns the application of the credit period for the purposes of section 240A of the Criminal Justice Act 2003 in respect of 150 days spent on qualifying curfew.;

 Comment: ","Exact: finally feels sufficiently mentally stable to be able to do so.;

 Comment: "
PreSentReportNew Was New/updated Pre-sentence Report Prepared for Appeal Court?,Yes/No/Don’t know,PreSentReportNew,NA,NA,No,Don't know,,Don't know,"Exact: pre-sentence report in which the author said that the use of a weapon and the premeditation involved were both aggravating factors, as indeed they were. But he nevertheless identified the offender as having a low risk of reoffending;

 Comment: Low risk of reoffending",Don't know,Don't Know,Don't know,Don't know,Don't know,Don't know,Don't know,Don't know,"Exact: case had been adjourned for preparation of a pre-sentence report;

 Comment: Yes.",Don't know,,Don't know,No
"Does Appeal Court Mention Application of Any SentencingGuideline?
If YES, which one(s)? SentGuideWhich","Yes/No
If YES, List",SentencingGuideline,NA,NA,No,"Exact: order made under section 39 of the Children and Young Persons Act 1933.;

 Comment: ",,Don't know,No,,"Exact: well-known principle of totality.;

 Comment: ",No,"Exact: The Indictments Act 1915;

 Comment: 

Exact: We shall refer to the Criminal Justice Act 2003 as ""the 2003 Act"". Section 100(1) of the 2003 Act provides:;

 Comment: 

Exact: Criminal Appeal Act 1968 as the ""1968 Act"". Section 7 of the 1968 Act provides:;

 Comment: ",No,No,No,No,"Exact: Category 2 of the Sentencing Council Definitive Guideline for Assault.;

 Comment: ","Exact: the principle of totality.;

 Comment: ",NA,Don't know,No
,,SentGuideWhich,NA,NA,NA,"Exact: order made under section 39 of the Children and Young Persons Act 1933.;

 Comment: ",,NA,NA,"Exact: principle of totality,;

 Comment: ","Exact: well-known principle of totality.;

 Comment: ",NA,"Exact: The Indictments Act 1915;

 Comment: 

Exact: We shall refer to the Criminal Justice Act 2003 as ""the 2003 Act"". Section 100(1) of the 2003 Act provides:;

 Comment: 

Exact: Criminal Appeal Act 1968 as the ""1968 Act"". Section 7 of the 1968 Act provides:;

 Comment: ",NA,NA,NA,NA,"Exact: Category 2 of the Sentencing Council Definitive Guideline for Assault.;

 Comment: ","Exact: the principle of totality.;

 Comment: ",,Don't know,No
AppealOutcome Outcome of Appeal,Dismissed-Failed-Refused/Allowed&Conviction Quashed-Unsafe/Allowed&Sentence Replaced by More Excessive Sentence/Allowed&Sentence Replaced by More Lenient Sentence/XXX,AppealOutcome,NA,"Exact: this appeal is allowed and a fine of £60,000 will be substituted for the fine of £200,000 imposed in the Crown Court.;

 Comment: Allowed&Sentence Replaced by More Lenient Sentence.","Exact: we dismiss these appeals.;

 Comment: ","Exact: we allow this appeal, quash the order made by the Recorder and substitute a new section 39 order in conventional terms.;

 Comment: ","Exact: Accordingly, we shall allow the appeal and quash the conviction.;

 Comment: ","Exact: These appeals are dismissed.;

 Comment: Ellis Appeal

Exact: This appeal is accordingly dismissed.;

 Comment: Davis Appeal","Exact: we think that the sentence that ought now to be imposed is one of 3 years' imprisonment. We accordingly make that order.;

 Comment: Allowed","Exact: The appeal is allowed to the extent that we have indicated.;

 Comment: ","Exact: appeal is dismissed.;

 Comment: ","Exact: This appeal is dismissed.;

 Comment: ","Exact: leave to appeal must be refused.;

 Comment: ","Exact: The appeal is dismissed.;

 Comment: ","Exact: These appeals and applications are accordingly dismissed or refused.;

 Comment: ","Exact: dismiss both appeals against conviction.;

 Comment: After appeals & retrials

Exact: On 11 November 1994 this court dismissed Charlton’s appeal but allowed Ali’s appeal and quashed his conviction.;

 Comment: Before appeals & retrials","Exact: the appeal will be dismissed.;

 Comment: ","Exact: we consider that the least sentence that should have been passed was a term of seven-and-a-half years and the sentence passed on count 1 was unduly lenient. Accordingly, we grant leave to the Solicitor General, we quash the sentence five years and four months and substitute a term of seven-and-a-half years on count 1. The sentence on count 2 will remain unaffected.;

 Comment: ","Exact: (3) quash the sentences that were imposed in respect of the summary offences; and (4) re-sentence.;

 Comment: 

Exact: The appeal is allowed to the extent we have indicated.;

 Comment: ","Exact: the finding of contempt of court is quashed.;

 Comment: ","Exact: To this extent the appeal will be allowed and the sentence amended accordingly.;

 Comment: ","Exact: If the application for leave to appeal was within time, we would refuse it.  In the event, we simply refuse the application for an extension of time.;

 Comment: "
ReasonQuashConv Appeal Court Basis Given for Why Conviction is Unsafe-Quashed,"Select all that apply E.g., Appeal court believes trial judge asked jury to perform task that was too difficult for them or they might not perform reliably, Appeal court believes jury was inappropriately told of defendants’ previous convictions, Appeal court believes jury could not be sure that defendant was same person as in CCTV/photo, Appeal court believes police did not use best practice, Appeal court believes trial judge should not have admitted some evidence, Appeal court believes jury was not given sufficient guidance by trial judge, Appeal court believes it was inappropriate for jury not to be allowed to see some evidence, XXX",ReasonQuashConv,NA,NA,NA,"Exact: we allow this appeal, quash the order made by the Recorder and substitute a new section 39 order in conventional terms.;

 Comment: ","Exact: the case for the appellant was damaged by the errors to which we have referred and we do not feel able to say that the conviction is nevertheless, in all the circumstances, safe.;

 Comment: Legal/trial judge errors",NA,NA,NA,NA,NA,NA,NA,NA,NA,NA,NA,"Exact: In giving his reasons for finding that there were no exceptional circumstances, the judge did not truly deal with those submissions. If he had done so, he should have reached a conclusion in favour of the appellant.;

 Comment: ","Exact: There was, therefore, a material irregularity in the proceedings.;

 Comment: ",NA,NA
"ReasonSentExcess Appeal Court Basis Given for Why Sentence RSE_is/RSE_is_not Unduly Excessive
","ReasonSentExcess Appeal Court Basis Given for Why Sentence RSE_is/RSE_is_not Unduly Excessive

",ReasonSentExcess,NA,"Exact: fine of £200,000 was manifestly excessive for this single offence, particularly when measured against the total fines of £80,000 in the Yorkshire Water case.;

 Comment: Appeal Court Basis Given for Why Sentence is/is not Unduly Excessive",NA,NA,,NA,NA,"Exact: serious errors which led to the unlawful sentences;

 Comment: ","Exact: It cannot be said that the total sentence was wrong in principle or manifestly excessive.;

 Comment: ",NA,NA,NA,NA,NA,NA,NA,"Exact: the disqualification from driving, the order for an extended test and the committal for sentence were each unlawful.;

 Comment: ","Exact: in the very particular and unusual circumstances of this case, there was a serious procedural unfairness in not fully and clearly explaining to the appellant;

 Comment: ",NA,NA
ReasonSentLenient Appeal Court Basis Given for Why Sentence RSL_is/RSL_is_not Unduly Lenient,"Select all that apply E.G. Appeal court believes offender has strong personal mitigation, Appeal court believes offender has realistic prospect of rehabilitation, Appeal court believes offender does not have history of poor compliance with court orders, Appeal court believes offender does not pose significant continuing risk to public, Appeal court believes sentencing judge did not refer to relevant sentencing guideline, Appeal court believes sentencing judge did not have a real option to pass anything other than a custodial sentence, XXX",ReasonSentLenient,NA,NA,NA,NA,,NA,"Exact: this sentence does not reflect the gravity of the offence.;

 Comment: ",NA,NA,NA,NA,NA,NA,NA,NA,"Exact: unduly lenient.;

 Comment: Presence of offenders children
Committed against another child
Intoxication
Vulnerable victim
Previous convictions
Untruthful statement
Sustained attack/nature",NA,NA,NA,NA
ReasonDismiss Appeal Court Basis Given for Why Appeal Dismissed-Failed-Refused,"Select all that apply E.G. Trial/sentencing judge considered all relevant facts in appropriate way and came to correct conclusion/decision, Trial/sentencing judge approach and decision cannot be faulted, Offender had knew there was no ground for appeal, Offender let too much time pass before appealing, Appeal court is not persuaded by submissions on behalf of appellant, Appellant also used a ‘cut-throat’ defence, Trial judge made correct judgement regarding admissibility of some evidence, Trial judge made correct decision regarding inadmissibility of some evidence, No criticism is made by appellant regarding trial judges’ direction/instruction to jury, Appeal court believes jury will follow/obey trial judges’ directions/instructions, Trial judge’s summing up was not the sole thing the jury relied on, Appeal court believes jury understood the issues in the case, The original sentence fell within the guidelines range, Appeal has no merit, XXX",ReasonDismiss,NA,NA,"Exact: we do not consider that there is anything in the argument that the evidence of Mr Vernells should not have been admitted, or that the way in which it was given could in any way render the convictions of these two appellants unsafe.;

 Comment: ",NA,,"Exact: We cannot detect any reason for doubting the integrity of the trial process, or the safety;

 Comment: Ellis Appeal",NA,NA,"Exact: It cannot be said that the total sentence was wrong in principle or manifestly excessive.;

 Comment: ","Exact: the jury did indeed deliberate free from any pressure of time.;

 Comment: ","Exact: the judge made an entirely sensible case management decision for reasons which he set out with care. This court should not interfere. We therefore reject the second ground of appeal as put forward in the application.;

 Comment: 

Exact: We can see no possible basis for saying that the applicant's conviction is unsafe.;

 Comment: ","Exact: no basis for holding that the trial was unfair or that the verdict is unsafe. This evidence was properly admitted.;

 Comment: ","Exact: We see no basis upon which it could properly be argued that either the IPP or the minimum term were manifestly excessive.;

 Comment: ","Exact: dismiss both appeals against conviction.;

 Comment: After appeals & retrials","Exact: prosecution had a strong circumstantial case, and the appellant's equivocations in interview and his failure to mention matters later relied on cannot have assisted him in the eyes of the jury. We do not regard this conviction as unsafe.;

 Comment: ",NA,NA,NA,NA,"Exact: no arguable merit in the applicant's proposed grounds of appeal.;

 Comment: "
